customer_id,name,city,signup_date
1,Customer_1,Pune,2023-10-17
2,Customer_2,Mumbai,2022-04-25
3,Customer_3,Chennai,2022-01-26
4,Customer_4,Bangalore,2022-10-09
5,Customer_5,Kolkata,2022-09-08
6,Customer_6,Bangalore,2022-08-17
7,Customer_7,Mumbai,2022-05-23
8,Customer_8,Delhi,2022-04-15
9,Customer_9,Bangalore,2023-11-24
10,Customer_10,Kolkata,2023-07-13
11,Customer_11,Kolkata,2022-03-31
12,Customer_12,Ahmedabad,2023-08-28
13,Customer_13,Mumbai,2023-03-09
14,Customer_14,Ahmedabad,2022-02-02
15,Customer_15,Kolkata,2022-01-31
16,Customer_16,Pune,2022-04-06
17,Customer_17,Kolkata,2022-08-12
18,Customer_18,Ahmedabad,2022-08-27
19,Customer_19,Ahmedabad,2023-06-02
20,Customer_20,Mumbai,2023-09-09
21,Customer_21,Delhi,2022-01-28
22,Customer_22,Pune,2023-07-29
23,Customer_23,Hyderabad,2022-07-23
24,Customer_24,Kolkata,2023-10-28
25,Customer_25,Delhi,2023-12-20
26,Customer_26,Mumbai,2023-07-13
27,Customer_27,Chennai,2023-03-06
28,Customer_28,Delhi,2022-08-14
29,Customer_29,Kolkata,2023-04-05
30,Customer_30,Delhi,2023-08-27
31,Customer_31,Bangalore,2022-10-12
32,Customer_32,Ahmedabad,2022-01-07
33,Customer_33,Ahmedabad,2022-06-13
34,Customer_34,Kolkata,2023-12-16
35,Customer_35,Bangalore,2023-03-09
36,Customer_36,Pune,2022-12-15
37,Customer_37,Ahmedabad,2022-10-12
38,Customer_38,Mumbai,2022-06-09
39,Customer_39,Ahmedabad,2022-08-09
40,Customer_40,Hyderabad,2022-12-11
41,Customer_41,Pune,2022-04-15
42,Customer_42,Hyderabad,2022-04-05
43,Customer_43,Hyderabad,2023-01-25
44,Customer_44,Mumbai,2022-04-10
45,Customer_45,Bangalore,2023-01-03
46,Customer_46,Hyderabad,2022-12-19
47,Customer_47,Pune,2023-09-11
48,Customer_48,Ahmedabad,2022-09-28
49,Customer_49,Kolkata,2022-02-14
50,Customer_50,Pune,2023-04-16
51,Customer_51,Delhi,2023-07-04
52,Customer_52,Ahmedabad,2022-05-08
53,Customer_53,Mumbai,2023-01-23
54,Customer_54,Hyderabad,2022-03-22
55,Customer_55,Kolkata,2023-07-20
56,Customer_56,Hyderabad,2022-10-28
57,Customer_57,Mumbai,2023-10-06
58,Customer_58,Pune,2023-09-26
59,Customer_59,Delhi,2023-01-06
60,Customer_60,Ahmedabad,2023-08-15
61,Customer_61,Pune,2022-07-16
62,Customer_62,Delhi,2023-12-23
63,Customer_63,Chennai,2022-03-13
64,Customer_64,Hyderabad,2022-02-16
65,Customer_65,Ahmedabad,2023-11-09
66,Customer_66,Ahmedabad,2022-08-22
67,Customer_67,Delhi,2022-10-24
68,Customer_68,Chennai,2022-03-23
69,Customer_69,Kolkata,2022-08-27
70,Customer_70,Bangalore,2022-04-14
71,Customer_71,Kolkata,2023-01-25
72,Customer_72,Ahmedabad,2022-10-12
73,Customer_73,Ahmedabad,2023-04-10
74,Customer_74,Mumbai,2023-10-13
75,Customer_75,Delhi,2023-01-09
76,Customer_76,Chennai,2022-06-16
77,Customer_77,Bangalore,2023-01-15
78,Customer_78,Kolkata,2022-12-30
79,Customer_79,Delhi,2022-08-03
80,Customer_80,Pune,2023-11-18
81,Customer_81,Mumbai,2022-10-01
82,Customer_82,Chennai,2023-12-20
83,Customer_83,Mumbai,2023-12-01
84,Customer_84,Ahmedabad,2023-10-26
85,Customer_85,Mumbai,2022-03-15
86,Customer_86,Bangalore,2023-09-16
87,Customer_87,Ahmedabad,2023-10-13
88,Customer_88,Kolkata,2022-06-25
89,Customer_89,Kolkata,2023-07-01
90,Customer_90,Pune,2022-09-08
91,Customer_91,Ahmedabad,2022-06-17
92,Customer_92,Ahmedabad,2023-04-19
93,Customer_93,Chennai,2023-01-24
94,Customer_94,Ahmedabad,2022-10-04
95,Customer_95,Bangalore,2023-10-18
96,Customer_96,Pune,2023-12-06
97,Customer_97,Chennai,2023-07-25
98,Customer_98,Bangalore,2022-08-13
99,Customer_99,Mumbai,2023-12-03
100,Customer_100,Kolkata,2022-11-29
101,Customer_101,Pune,2022-02-27
102,Customer_102,Hyderabad,2022-08-23
103,Customer_103,Kolkata,2022-02-02
104,Customer_104,Delhi,2022-11-20
105,Customer_105,Kolkata,2023-02-15
106,Customer_106,Kolkata,2022-10-02
107,Customer_107,Ahmedabad,2022-03-09
108,Customer_108,Bangalore,2022-08-05
109,Customer_109,Ahmedabad,2023-08-04
110,Customer_110,Ahmedabad,2022-11-19
111,Customer_111,Hyderabad,2022-08-06
112,Customer_112,Hyderabad,2023-11-03
113,Customer_113,Pune,2023-05-27
114,Customer_114,Ahmedabad,2023-02-10
115,Customer_115,Hyderabad,2023-10-21
116,Customer_116,Chennai,2023-04-15
117,Customer_117,Chennai,2022-05-27
118,Customer_118,Pune,2022-09-29
119,Customer_119,Chennai,2022-05-23
120,Customer_120,Pune,2022-09-10
121,Customer_121,Delhi,2023-07-29
122,Customer_122,Hyderabad,2023-07-06
123,Customer_123,Ahmedabad,2022-09-27
124,Customer_124,Pune,2023-08-22
125,Customer_125,Pune,2023-03-15
126,Customer_126,Bangalore,2023-08-21
127,Customer_127,Ahmedabad,2023-02-13
128,Customer_128,Delhi,2023-01-06
129,Customer_129,Bangalore,2022-08-13
130,Customer_130,Hyderabad,2022-05-22
131,Customer_131,Mumbai,2023-06-06
132,Customer_132,Ahmedabad,2023-05-21
133,Customer_133,Mumbai,2022-04-04
134,Customer_134,Ahmedabad,2022-02-18
135,Customer_135,Delhi,2022-04-23
136,Customer_136,Bangalore,2022-06-06
137,Customer_137,Pune,2023-10-05
138,Customer_138,Bangalore,2022-06-13
139,Customer_139,Mumbai,2023-11-28
140,Customer_140,Ahmedabad,2023-03-09
141,Customer_141,Kolkata,2023-09-03
142,Customer_142,Hyderabad,2022-03-07
143,Customer_143,Pune,2023-01-30
144,Customer_144,Mumbai,2023-01-26
145,Customer_145,Hyderabad,2023-09-03
146,Customer_146,Pune,2023-04-25
147,Customer_147,Hyderabad,2023-06-26
148,Customer_148,Ahmedabad,2022-09-15
149,Customer_149,Delhi,2023-07-21
150,Customer_150,Mumbai,2022-01-12
151,Customer_151,Chennai,2023-11-28
152,Customer_152,Kolkata,2022-04-28
153,Customer_153,Chennai,2023-11-30
154,Customer_154,Mumbai,2023-07-04
155,Customer_155,Pune,2022-10-01
156,Customer_156,Mumbai,2023-10-19
157,Customer_157,Mumbai,2022-12-15
158,Customer_158,Ahmedabad,2022-04-25
159,Customer_159,Bangalore,2022-10-28
160,Customer_160,Kolkata,2023-03-22
161,Customer_161,Delhi,2022-06-11
162,Customer_162,Delhi,2023-04-10
163,Customer_163,Hyderabad,2022-01-04
164,Customer_164,Delhi,2022-09-27
165,Customer_165,Kolkata,2023-05-28
166,Customer_166,Hyderabad,2022-07-02
167,Customer_167,Hyderabad,2023-06-04
168,Customer_168,Pune,2022-04-19
169,Customer_169,Bangalore,2023-10-03
170,Customer_170,Chennai,2022-11-02
171,Customer_171,Pune,2023-10-17
172,Customer_172,Bangalore,2023-06-04
173,Customer_173,Bangalore,2023-09-16
174,Customer_174,Bangalore,2022-07-23
175,Customer_175,Mumbai,2022-06-06
176,Customer_176,Pune,2023-01-18
177,Customer_177,Chennai,2022-06-15
178,Customer_178,Ahmedabad,2023-07-07
179,Customer_179,Bangalore,2023-06-28
180,Customer_180,Chennai,2022-01-01
181,Customer_181,Ahmedabad,2023-09-06
182,Customer_182,Kolkata,2022-11-28
183,Customer_183,Ahmedabad,2023-05-16
184,Customer_184,Kolkata,2022-01-20
185,Customer_185,Delhi,2022-04-25
186,Customer_186,Ahmedabad,2023-01-07
187,Customer_187,Kolkata,2022-11-11
188,Customer_188,Bangalore,2022-09-03
189,Customer_189,Mumbai,2022-03-01
190,Customer_190,Ahmedabad,2022-09-04
191,Customer_191,Hyderabad,2023-08-04
192,Customer_192,Kolkata,2022-03-22
193,Customer_193,Pune,2022-03-29
194,Customer_194,Kolkata,2023-05-13
195,Customer_195,Ahmedabad,2022-03-12
196,Customer_196,Kolkata,2023-06-30
197,Customer_197,Chennai,2022-05-09
198,Customer_198,Pune,2022-05-12
199,Customer_199,Ahmedabad,2023-11-07
200,Customer_200,Mumbai,2023-05-02
201,Customer_201,Chennai,2023-07-17
202,Customer_202,Pune,2022-06-19
203,Customer_203,Hyderabad,2022-09-29
204,Customer_204,Kolkata,2023-06-25
205,Customer_205,Kolkata,2023-09-14
206,Customer_206,Delhi,2023-03-10
207,Customer_207,Pune,2022-08-05
208,Customer_208,Kolkata,2023-07-07
209,Customer_209,Delhi,2023-12-08
210,Customer_210,Delhi,2022-07-25
211,Customer_211,Ahmedabad,2024-01-01
212,Customer_212,Kolkata,2022-11-16
213,Customer_213,Chennai,2023-02-13
214,Customer_214,Hyderabad,2023-11-19
215,Customer_215,Chennai,2023-10-28
216,Customer_216,Chennai,2023-01-18
217,Customer_217,Kolkata,2023-03-25
218,Customer_218,Bangalore,2023-06-14
219,Customer_219,Mumbai,2023-04-08
220,Customer_220,Delhi,2022-05-04
221,Customer_221,Kolkata,2022-09-11
222,Customer_222,Ahmedabad,2022-08-19
223,Customer_223,Delhi,2022-03-07
224,Customer_224,Hyderabad,2022-12-13
225,Customer_225,Bangalore,2022-01-22
226,Customer_226,Mumbai,2023-08-26
227,Customer_227,Kolkata,2023-07-22
228,Customer_228,Hyderabad,2022-08-24
229,Customer_229,Pune,2023-08-26
230,Customer_230,Bangalore,2022-08-14
231,Customer_231,Chennai,2022-01-08
232,Customer_232,Bangalore,2022-03-14
233,Customer_233,Hyderabad,2023-12-26
234,Customer_234,Kolkata,2023-10-09
235,Customer_235,Bangalore,2022-03-02
236,Customer_236,Kolkata,2022-08-23
237,Customer_237,Ahmedabad,2022-03-11
238,Customer_238,Kolkata,2022-02-02
239,Customer_239,Hyderabad,2022-12-05
240,Customer_240,Mumbai,2022-03-14
241,Customer_241,Ahmedabad,2023-06-11
242,Customer_242,Mumbai,2022-09-01
243,Customer_243,Bangalore,2022-10-13
244,Customer_244,Chennai,2023-11-17
245,Customer_245,Pune,2023-05-13
246,Customer_246,Hyderabad,2022-08-08
247,Customer_247,Mumbai,2023-07-07
248,Customer_248,Pune,2022-05-16
249,Customer_249,Delhi,2023-08-08
250,Customer_250,Kolkata,2023-08-14
251,Customer_251,Mumbai,2023-04-30
252,Customer_252,Ahmedabad,2022-09-06
253,Customer_253,Hyderabad,2023-04-30
254,Customer_254,Kolkata,2023-02-21
255,Customer_255,Pune,2022-07-14
256,Customer_256,Hyderabad,2022-04-07
257,Customer_257,Mumbai,2022-04-10
258,Customer_258,Chennai,2023-11-06
259,Customer_259,Ahmedabad,2023-03-18
260,Customer_260,Delhi,2022-12-29
261,Customer_261,Hyderabad,2023-03-10
262,Customer_262,Chennai,2023-02-25
263,Customer_263,Mumbai,2023-04-24
264,Customer_264,Ahmedabad,2022-02-25
265,Customer_265,Kolkata,2023-11-21
266,Customer_266,Pune,2023-11-01
267,Customer_267,Mumbai,2023-10-24
268,Customer_268,Bangalore,2022-04-11
269,Customer_269,Delhi,2022-03-04
270,Customer_270,Delhi,2023-02-17
271,Customer_271,Kolkata,2022-12-14
272,Customer_272,Ahmedabad,2022-04-22
273,Customer_273,Mumbai,2022-09-12
274,Customer_274,Mumbai,2022-07-16
275,Customer_275,Chennai,2022-07-14
276,Customer_276,Bangalore,2023-07-04
277,Customer_277,Pune,2023-04-05
278,Customer_278,Ahmedabad,2022-05-24
279,Customer_279,Hyderabad,2023-03-09
280,Customer_280,Pune,2022-07-07
281,Customer_281,Bangalore,2022-10-13
282,Customer_282,Pune,2023-04-19
283,Customer_283,Mumbai,2022-09-13
284,Customer_284,Ahmedabad,2022-03-19
285,Customer_285,Pune,2023-03-30
286,Customer_286,Kolkata,2023-07-18
287,Customer_287,Delhi,2022-04-11
288,Customer_288,Hyderabad,2022-02-21
289,Customer_289,Chennai,2023-10-30
290,Customer_290,Ahmedabad,2023-07-08
291,Customer_291,Ahmedabad,2022-01-16
292,Customer_292,Chennai,2022-04-06
293,Customer_293,Hyderabad,2022-08-31
294,Customer_294,Mumbai,2022-06-20
295,Customer_295,Hyderabad,2023-02-21
296,Customer_296,Hyderabad,2023-05-13
297,Customer_297,Delhi,2023-05-08
298,Customer_298,Pune,2022-08-07
299,Customer_299,Kolkata,2023-02-15
300,Customer_300,Chennai,2022-03-02
301,Customer_301,Mumbai,2022-06-18
302,Customer_302,Ahmedabad,2023-01-24
303,Customer_303,Mumbai,2022-01-03
304,Customer_304,Chennai,2023-02-04
305,Customer_305,Delhi,2022-09-29
306,Customer_306,Delhi,2023-04-11
307,Customer_307,Hyderabad,2022-10-20
308,Customer_308,Chennai,2023-03-10
309,Customer_309,Bangalore,2023-12-15
310,Customer_310,Chennai,2023-07-24
311,Customer_311,Mumbai,2023-11-09
312,Customer_312,Chennai,2023-05-14
313,Customer_313,Chennai,2022-06-08
314,Customer_314,Chennai,2022-07-14
315,Customer_315,Hyderabad,2022-10-31
316,Customer_316,Bangalore,2022-08-11
317,Customer_317,Delhi,2022-03-01
318,Customer_318,Kolkata,2023-08-17
319,Customer_319,Bangalore,2023-07-10
320,Customer_320,Bangalore,2022-03-04
321,Customer_321,Kolkata,2022-11-18
322,Customer_322,Bangalore,2022-02-28
323,Customer_323,Mumbai,2022-02-21
324,Customer_324,Delhi,2023-08-22
325,Customer_325,Bangalore,2023-05-04
326,Customer_326,Delhi,2023-05-30
327,Customer_327,Hyderabad,2023-06-28
328,Customer_328,Chennai,2022-06-11
329,Customer_329,Hyderabad,2022-02-28
330,Customer_330,Delhi,2023-06-05
331,Customer_331,Bangalore,2022-03-24
332,Customer_332,Kolkata,2022-07-10
333,Customer_333,Delhi,2022-03-12
334,Customer_334,Bangalore,2023-09-02
335,Customer_335,Pune,2022-03-11
336,Customer_336,Mumbai,2023-11-23
337,Customer_337,Mumbai,2022-08-29
338,Customer_338,Ahmedabad,2023-02-18
339,Customer_339,Ahmedabad,2022-05-03
340,Customer_340,Hyderabad,2023-08-07
341,Customer_341,Mumbai,2022-09-10
342,Customer_342,Ahmedabad,2023-08-16
343,Customer_343,Chennai,2023-09-01
344,Customer_344,Delhi,2022-02-10
345,Customer_345,Kolkata,2023-09-27
346,Customer_346,Ahmedabad,2022-03-25
347,Customer_347,Delhi,2023-03-06
348,Customer_348,Delhi,2023-11-05
349,Customer_349,Ahmedabad,2023-08-21
350,Customer_350,Pune,2023-08-02
351,Customer_351,Pune,2023-06-20
352,Customer_352,Mumbai,2022-11-20
353,Customer_353,Ahmedabad,2022-09-25
354,Customer_354,Ahmedabad,2022-07-29
355,Customer_355,Mumbai,2023-11-17
356,Customer_356,Mumbai,2022-11-18
357,Customer_357,Hyderabad,2022-09-02
358,Customer_358,Bangalore,2022-09-29
359,Customer_359,Mumbai,2023-02-10
360,Customer_360,Bangalore,2022-05-15
361,Customer_361,Kolkata,2023-11-19
362,Customer_362,Hyderabad,2023-10-23
363,Customer_363,Pune,2022-11-04
364,Customer_364,Kolkata,2023-04-14
365,Customer_365,Ahmedabad,2022-11-20
366,Customer_366,Pune,2022-03-16
367,Customer_367,Mumbai,2022-01-10
368,Customer_368,Mumbai,2023-04-15
369,Customer_369,Chennai,2023-09-29
370,Customer_370,Pune,2023-07-31
371,Customer_371,Ahmedabad,2022-04-13
372,Customer_372,Chennai,2022-03-17
373,Customer_373,Pune,2023-07-05
374,Customer_374,Hyderabad,2022-08-07
375,Customer_375,Ahmedabad,2023-06-03
376,Customer_376,Pune,2022-09-29
377,Customer_377,Pune,2022-05-16
378,Customer_378,Mumbai,2022-12-24
379,Customer_379,Hyderabad,2022-03-12
380,Customer_380,Pune,2022-09-08
381,Customer_381,Hyderabad,2023-01-14
382,Customer_382,Kolkata,2022-10-19
383,Customer_383,Hyderabad,2022-06-11
384,Customer_384,Bangalore,2023-03-25
385,Customer_385,Ahmedabad,2023-07-11
386,Customer_386,Mumbai,2023-12-22
387,Customer_387,Mumbai,2022-11-06
388,Customer_388,Mumbai,2023-09-19
389,Customer_389,Mumbai,2023-11-01
390,Customer_390,Pune,2023-06-26
391,Customer_391,Mumbai,2022-01-09
392,Customer_392,Hyderabad,2023-11-15
393,Customer_393,Bangalore,2023-07-22
394,Customer_394,Delhi,2022-11-03
395,Customer_395,Hyderabad,2023-11-11
396,Customer_396,Mumbai,2022-04-17
397,Customer_397,Pune,2022-05-18
398,Customer_398,Hyderabad,2022-09-28
399,Customer_399,Pune,2022-04-29
400,Customer_400,Delhi,2022-04-20
401,Customer_401,Kolkata,2023-07-21
402,Customer_402,Kolkata,2022-06-09
403,Customer_403,Hyderabad,2022-10-06
404,Customer_404,Mumbai,2022-10-16
405,Customer_405,Chennai,2023-09-12
406,Customer_406,Bangalore,2022-08-04
407,Customer_407,Ahmedabad,2022-12-18
408,Customer_408,Chennai,2022-07-28
409,Customer_409,Mumbai,2023-12-05
410,Customer_410,Hyderabad,2023-10-12
411,Customer_411,Hyderabad,2022-09-28
412,Customer_412,Mumbai,2023-06-02
413,Customer_413,Kolkata,2023-05-16
414,Customer_414,Chennai,2022-09-15
415,Customer_415,Pune,2022-02-22
416,Customer_416,Delhi,2022-04-05
417,Customer_417,Kolkata,2023-10-12
418,Customer_418,Delhi,2023-03-10
419,Customer_419,Bangalore,2022-10-11
420,Customer_420,Kolkata,2022-02-15
421,Customer_421,Kolkata,2022-01-04
422,Customer_422,Hyderabad,2022-12-08
423,Customer_423,Hyderabad,2022-05-14
424,Customer_424,Delhi,2023-10-15
425,Customer_425,Bangalore,2022-09-26
426,Customer_426,Bangalore,2022-06-15
427,Customer_427,Pune,2023-03-29
428,Customer_428,Mumbai,2023-07-19
429,Customer_429,Bangalore,2023-12-24
430,Customer_430,Delhi,2023-03-14
431,Customer_431,Mumbai,2023-07-29
432,Customer_432,Chennai,2022-01-10
433,Customer_433,Pune,2022-04-25
434,Customer_434,Pune,2022-03-19
435,Customer_435,Ahmedabad,2023-12-09
436,Customer_436,Hyderabad,2022-06-02
437,Customer_437,Bangalore,2023-07-13
438,Customer_438,Hyderabad,2022-02-06
439,Customer_439,Kolkata,2023-01-14
440,Customer_440,Hyderabad,2023-08-20
441,Customer_441,Mumbai,2023-07-20
442,Customer_442,Delhi,2022-06-01
443,Customer_443,Bangalore,2023-03-17
444,Customer_444,Bangalore,2022-05-11
445,Customer_445,Delhi,2022-02-12
446,Customer_446,Mumbai,2022-11-12
447,Customer_447,Kolkata,2023-01-09
448,Customer_448,Ahmedabad,2022-02-10
449,Customer_449,Pune,2023-01-02
450,Customer_450,Ahmedabad,2022-08-04
451,Customer_451,Ahmedabad,2023-11-30
452,Customer_452,Pune,2022-09-13
453,Customer_453,Kolkata,2023-11-14
454,Customer_454,Chennai,2022-04-16
455,Customer_455,Mumbai,2022-12-29
456,Customer_456,Hyderabad,2023-07-28
457,Customer_457,Pune,2023-02-21
458,Customer_458,Mumbai,2023-09-28
459,Customer_459,Kolkata,2022-06-08
460,Customer_460,Ahmedabad,2022-08-31
461,Customer_461,Kolkata,2022-06-16
462,Customer_462,Delhi,2022-07-01
463,Customer_463,Chennai,2023-02-27
464,Customer_464,Pune,2022-01-26
465,Customer_465,Delhi,2022-07-03
466,Customer_466,Delhi,2022-12-07
467,Customer_467,Chennai,2023-02-26
468,Customer_468,Kolkata,2023-11-17
469,Customer_469,Chennai,2022-09-12
470,Customer_470,Bangalore,2022-10-01
471,Customer_471,Kolkata,2022-06-13
472,Customer_472,Kolkata,2023-12-20
473,Customer_473,Hyderabad,2022-04-21
474,Customer_474,Mumbai,2023-01-27
475,Customer_475,Delhi,2022-02-09
476,Customer_476,Ahmedabad,2023-04-27
477,Customer_477,Pune,2022-08-16
478,Customer_478,Bangalore,2022-07-24
479,Customer_479,Bangalore,2023-04-17
480,Customer_480,Pune,2022-12-25
481,Customer_481,Chennai,2022-11-09
482,Customer_482,Hyderabad,2022-08-22
483,Customer_483,Mumbai,2022-08-17
484,Customer_484,Pune,2022-01-25
485,Customer_485,Delhi,2023-11-07
486,Customer_486,Pune,2022-07-17
487,Customer_487,Delhi,2023-02-13
488,Customer_488,Ahmedabad,2022-12-03
489,Customer_489,Mumbai,2022-10-13
490,Customer_490,Hyderabad,2022-03-13
491,Customer_491,Pune,2022-10-13
492,Customer_492,Pune,2022-12-26
493,Customer_493,Pune,2023-10-19
494,Customer_494,Kolkata,2023-06-06
495,Customer_495,Mumbai,2023-02-14
496,Customer_496,Pune,2023-11-27
497,Customer_497,Delhi,2023-07-04
498,Customer_498,Hyderabad,2022-12-06
499,Customer_499,Bangalore,2022-01-29
500,Customer_500,Ahmedabad,2022-04-29
501,Customer_501,Hyderabad,2022-09-25
502,Customer_502,Mumbai,2022-07-02
503,Customer_503,Pune,2023-08-18
504,Customer_504,Mumbai,2022-09-29
505,Customer_505,Chennai,2022-02-09
506,Customer_506,Pune,2022-04-22
507,Customer_507,Pune,2023-09-03
508,Customer_508,Mumbai,2023-03-21
509,Customer_509,Pune,2022-12-20
510,Customer_510,Kolkata,2022-11-18
511,Customer_511,Hyderabad,2023-03-23
512,Customer_512,Chennai,2023-09-13
513,Customer_513,Hyderabad,2023-06-08
514,Customer_514,Bangalore,2022-04-29
515,Customer_515,Mumbai,2023-01-30
516,Customer_516,Mumbai,2023-08-14
517,Customer_517,Chennai,2022-07-14
518,Customer_518,Hyderabad,2022-09-18
519,Customer_519,Hyderabad,2022-02-15
520,Customer_520,Bangalore,2023-12-27
521,Customer_521,Chennai,2023-03-23
522,Customer_522,Mumbai,2022-01-02
523,Customer_523,Bangalore,2023-06-17
524,Customer_524,Kolkata,2023-07-06
525,Customer_525,Chennai,2023-12-05
526,Customer_526,Bangalore,2023-11-18
527,Customer_527,Bangalore,2022-07-21
528,Customer_528,Mumbai,2023-01-08
529,Customer_529,Bangalore,2023-03-18
530,Customer_530,Ahmedabad,2022-03-13
531,Customer_531,Ahmedabad,2023-11-12
532,Customer_532,Ahmedabad,2022-12-05
533,Customer_533,Hyderabad,2023-10-01
534,Customer_534,Hyderabad,2022-11-18
535,Customer_535,Bangalore,2023-11-11
536,Customer_536,Ahmedabad,2022-05-08
537,Customer_537,Mumbai,2022-11-04
538,Customer_538,Ahmedabad,2023-06-04
539,Customer_539,Ahmedabad,2022-11-13
540,Customer_540,Kolkata,2023-11-14
541,Customer_541,Kolkata,2023-02-23
542,Customer_542,Delhi,2022-12-01
543,Customer_543,Hyderabad,2023-02-17
544,Customer_544,Mumbai,2023-12-15
545,Customer_545,Kolkata,2022-10-30
546,Customer_546,Ahmedabad,2023-07-22
547,Customer_547,Ahmedabad,2022-05-11
548,Customer_548,Delhi,2022-07-16
549,Customer_549,Delhi,2023-03-07
550,Customer_550,Hyderabad,2023-11-12
551,Customer_551,Kolkata,2023-01-24
552,Customer_552,Mumbai,2023-11-25
553,Customer_553,Mumbai,2022-06-28
554,Customer_554,Pune,2023-09-23
555,Customer_555,Ahmedabad,2023-08-06
556,Customer_556,Delhi,2022-11-05
557,Customer_557,Ahmedabad,2023-02-20
558,Customer_558,Chennai,2023-07-16
559,Customer_559,Hyderabad,2022-01-01
560,Customer_560,Ahmedabad,2022-11-08
561,Customer_561,Bangalore,2022-10-21
562,Customer_562,Delhi,2022-08-04
563,Customer_563,Ahmedabad,2023-03-17
564,Customer_564,Mumbai,2023-08-17
565,Customer_565,Hyderabad,2023-09-14
566,Customer_566,Mumbai,2023-11-02
567,Customer_567,Bangalore,2022-11-26
568,Customer_568,Delhi,2023-04-22
569,Customer_569,Chennai,2023-03-29
570,Customer_570,Ahmedabad,2023-03-29
571,Customer_571,Ahmedabad,2023-11-23
572,Customer_572,Bangalore,2022-08-07
573,Customer_573,Hyderabad,2023-06-08
574,Customer_574,Hyderabad,2023-04-30
575,Customer_575,Kolkata,2022-06-23
576,Customer_576,Pune,2023-11-06
577,Customer_577,Pune,2022-03-28
578,Customer_578,Hyderabad,2022-10-18
579,Customer_579,Delhi,2023-06-12
580,Customer_580,Hyderabad,2023-11-11
581,Customer_581,Mumbai,2023-10-11
582,Customer_582,Hyderabad,2023-09-27
583,Customer_583,Mumbai,2022-12-10
584,Customer_584,Pune,2022-04-06
585,Customer_585,Kolkata,2022-08-29
586,Customer_586,Kolkata,2023-11-20
587,Customer_587,Bangalore,2022-11-14
588,Customer_588,Hyderabad,2022-08-19
589,Customer_589,Mumbai,2022-07-23
590,Customer_590,Bangalore,2022-05-31
591,Customer_591,Hyderabad,2022-01-26
592,Customer_592,Kolkata,2022-02-17
593,Customer_593,Pune,2022-09-08
594,Customer_594,Bangalore,2023-05-02
595,Customer_595,Mumbai,2023-09-18
596,Customer_596,Kolkata,2022-03-16
597,Customer_597,Pune,2023-04-12
598,Customer_598,Hyderabad,2023-03-01
599,Customer_599,Bangalore,2023-10-07
600,Customer_600,Mumbai,2023-08-13
601,Customer_601,Pune,2022-07-19
602,Customer_602,Hyderabad,2023-12-15
603,Customer_603,Delhi,2023-01-29
604,Customer_604,Hyderabad,2023-05-22
605,Customer_605,Kolkata,2023-02-14
606,Customer_606,Bangalore,2022-09-07
607,Customer_607,Chennai,2022-06-01
608,Customer_608,Hyderabad,2023-11-03
609,Customer_609,Ahmedabad,2023-12-06
610,Customer_610,Chennai,2022-01-06
611,Customer_611,Chennai,2022-04-20
612,Customer_612,Bangalore,2023-03-12
613,Customer_613,Bangalore,2022-08-13
614,Customer_614,Mumbai,2022-06-30
615,Customer_615,Kolkata,2023-12-14
616,Customer_616,Mumbai,2023-06-15
617,Customer_617,Delhi,2023-04-21
618,Customer_618,Hyderabad,2022-02-21
619,Customer_619,Bangalore,2023-07-25
620,Customer_620,Pune,2022-09-13
621,Customer_621,Bangalore,2022-05-05
622,Customer_622,Bangalore,2023-04-13
623,Customer_623,Bangalore,2022-05-17
624,Customer_624,Bangalore,2023-04-21
625,Customer_625,Ahmedabad,2023-11-15
626,Customer_626,Delhi,2023-06-28
627,Customer_627,Pune,2023-07-27
628,Customer_628,Hyderabad,2023-09-02
629,Customer_629,Chennai,2022-11-21
630,Customer_630,Ahmedabad,2023-03-30
631,Customer_631,Kolkata,2023-09-20
632,Customer_632,Ahmedabad,2023-06-01
633,Customer_633,Chennai,2023-03-13
634,Customer_634,Chennai,2023-07-16
635,Customer_635,Kolkata,2023-04-02
636,Customer_636,Ahmedabad,2022-06-12
637,Customer_637,Chennai,2023-05-02
638,Customer_638,Hyderabad,2023-04-06
639,Customer_639,Ahmedabad,2022-09-23
640,Customer_640,Ahmedabad,2022-09-11
641,Customer_641,Kolkata,2023-10-15
642,Customer_642,Pune,2022-10-11
643,Customer_643,Pune,2023-06-18
644,Customer_644,Bangalore,2023-05-12
645,Customer_645,Chennai,2023-10-04
646,Customer_646,Bangalore,2022-09-02
647,Customer_647,Kolkata,2022-10-09
648,Customer_648,Delhi,2023-03-27
649,Customer_649,Ahmedabad,2022-03-21
650,Customer_650,Hyderabad,2024-01-01
651,Customer_651,Mumbai,2022-10-20
652,Customer_652,Mumbai,2022-08-29
653,Customer_653,Kolkata,2022-10-06
654,Customer_654,Mumbai,2022-12-10
655,Customer_655,Bangalore,2022-11-24
656,Customer_656,Kolkata,2023-07-08
657,Customer_657,Ahmedabad,2022-03-24
658,Customer_658,Bangalore,2022-05-22
659,Customer_659,Pune,2022-06-04
660,Customer_660,Mumbai,2022-08-25
661,Customer_661,Chennai,2023-01-28
662,Customer_662,Ahmedabad,2023-12-12
663,Customer_663,Hyderabad,2022-06-06
664,Customer_664,Delhi,2023-12-25
665,Customer_665,Pune,2022-08-08
666,Customer_666,Delhi,2022-03-07
667,Customer_667,Pune,2023-03-01
668,Customer_668,Hyderabad,2023-02-22
669,Customer_669,Chennai,2022-12-05
670,Customer_670,Pune,2023-07-10
671,Customer_671,Mumbai,2023-04-23
672,Customer_672,Hyderabad,2023-03-02
673,Customer_673,Chennai,2022-03-05
674,Customer_674,Delhi,2022-07-31
675,Customer_675,Hyderabad,2023-03-07
676,Customer_676,Mumbai,2023-02-03
677,Customer_677,Hyderabad,2023-08-22
678,Customer_678,Bangalore,2023-12-14
679,Customer_679,Bangalore,2022-01-21
680,Customer_680,Delhi,2023-08-13
681,Customer_681,Kolkata,2023-01-25
682,Customer_682,Ahmedabad,2023-05-04
683,Customer_683,Bangalore,2022-01-07
684,Customer_684,Ahmedabad,2022-12-27
685,Customer_685,Ahmedabad,2022-11-02
686,Customer_686,Delhi,2023-02-04
687,Customer_687,Mumbai,2023-03-06
688,Customer_688,Delhi,2023-07-06
689,Customer_689,Kolkata,2023-07-14
690,Customer_690,Chennai,2023-09-10
691,Customer_691,Bangalore,2022-08-14
692,Customer_692,Pune,2023-05-15
693,Customer_693,Mumbai,2022-08-13
694,Customer_694,Kolkata,2022-10-07
695,Customer_695,Chennai,2023-03-23
696,Customer_696,Kolkata,2023-05-13
697,Customer_697,Mumbai,2022-01-30
698,Customer_698,Delhi,2023-02-03
699,Customer_699,Chennai,2022-12-11
700,Customer_700,Pune,2023-11-16
701,Customer_701,Ahmedabad,2023-11-27
702,Customer_702,Mumbai,2023-02-19
703,Customer_703,Mumbai,2022-06-19
704,Customer_704,Ahmedabad,2023-04-24
705,Customer_705,Delhi,2022-05-11
706,Customer_706,Chennai,2023-09-30
707,Customer_707,Bangalore,2023-07-01
708,Customer_708,Kolkata,2022-01-28
709,Customer_709,Pune,2023-02-08
710,Customer_710,Delhi,2023-08-30
711,Customer_711,Hyderabad,2023-08-01
712,Customer_712,Chennai,2023-11-10
713,Customer_713,Pune,2022-01-28
714,Customer_714,Bangalore,2022-03-27
715,Customer_715,Mumbai,2023-10-21
716,Customer_716,Hyderabad,2023-03-15
717,Customer_717,Mumbai,2022-05-19
718,Customer_718,Delhi,2023-04-18
719,Customer_719,Pune,2022-07-06
720,Customer_720,Ahmedabad,2022-02-21
721,Customer_721,Delhi,2022-09-24
722,Customer_722,Pune,2023-01-24
723,Customer_723,Hyderabad,2022-12-02
724,Customer_724,Kolkata,2022-08-05
725,Customer_725,Delhi,2023-04-11
726,Customer_726,Hyderabad,2022-12-01
727,Customer_727,Mumbai,2022-12-12
728,Customer_728,Hyderabad,2023-01-24
729,Customer_729,Chennai,2022-10-12
730,Customer_730,Mumbai,2023-03-08
731,Customer_731,Hyderabad,2022-09-16
732,Customer_732,Bangalore,2022-03-25
733,Customer_733,Delhi,2023-04-27
734,Customer_734,Hyderabad,2022-01-20
735,Customer_735,Hyderabad,2023-07-07
736,Customer_736,Bangalore,2022-02-23
737,Customer_737,Ahmedabad,2022-12-25
738,Customer_738,Ahmedabad,2022-08-18
739,Customer_739,Bangalore,2023-10-28
740,Customer_740,Bangalore,2022-03-12
741,Customer_741,Mumbai,2023-10-30
742,Customer_742,Ahmedabad,2022-02-11
743,Customer_743,Delhi,2022-02-01
744,Customer_744,Kolkata,2022-09-11
745,Customer_745,Chennai,2022-07-24
746,Customer_746,Delhi,2022-01-21
747,Customer_747,Chennai,2023-09-29
748,Customer_748,Delhi,2022-06-06
749,Customer_749,Hyderabad,2022-09-02
750,Customer_750,Kolkata,2022-05-10
751,Customer_751,Pune,2023-04-30
752,Customer_752,Ahmedabad,2023-11-17
753,Customer_753,Kolkata,2022-04-28
754,Customer_754,Delhi,2023-08-01
755,Customer_755,Chennai,2022-08-12
756,Customer_756,Kolkata,2023-04-22
757,Customer_757,Hyderabad,2023-12-18
758,Customer_758,Delhi,2022-09-20
759,Customer_759,Hyderabad,2023-01-13
760,Customer_760,Kolkata,2022-06-21
761,Customer_761,Mumbai,2023-09-13
762,Customer_762,Hyderabad,2023-09-14
763,Customer_763,Pune,2022-04-28
764,Customer_764,Pune,2022-06-17
765,Customer_765,Ahmedabad,2022-11-15
766,Customer_766,Pune,2022-04-21
767,Customer_767,Hyderabad,2023-08-16
768,Customer_768,Bangalore,2022-01-27
769,Customer_769,Ahmedabad,2022-11-16
770,Customer_770,Ahmedabad,2023-08-13
771,Customer_771,Hyderabad,2023-11-25
772,Customer_772,Kolkata,2023-01-20
773,Customer_773,Mumbai,2023-02-11
774,Customer_774,Pune,2022-07-23
775,Customer_775,Mumbai,2022-03-19
776,Customer_776,Pune,2023-08-30
777,Customer_777,Bangalore,2023-12-09
778,Customer_778,Kolkata,2023-10-05
779,Customer_779,Hyderabad,2022-09-06
780,Customer_780,Mumbai,2022-04-15
781,Customer_781,Mumbai,2023-12-15
782,Customer_782,Hyderabad,2022-11-05
783,Customer_783,Kolkata,2023-12-02
784,Customer_784,Kolkata,2023-09-07
785,Customer_785,Ahmedabad,2022-05-04
786,Customer_786,Pune,2023-08-03
787,Customer_787,Bangalore,2022-02-12
788,Customer_788,Ahmedabad,2022-12-22
789,Customer_789,Hyderabad,2023-06-30
790,Customer_790,Ahmedabad,2023-03-15
791,Customer_791,Delhi,2023-11-09
792,Customer_792,Hyderabad,2023-01-15
793,Customer_793,Pune,2022-03-12
794,Customer_794,Kolkata,2023-06-03
795,Customer_795,Delhi,2023-10-26
796,Customer_796,Mumbai,2022-12-16
797,Customer_797,Pune,2022-01-13
798,Customer_798,Hyderabad,2023-03-07
799,Customer_799,Bangalore,2023-05-17
800,Customer_800,Delhi,2022-04-19
801,Customer_801,Bangalore,2023-03-20
802,Customer_802,Ahmedabad,2023-01-06
803,Customer_803,Delhi,2023-10-13
804,Customer_804,Bangalore,2023-04-16
805,Customer_805,Mumbai,2023-12-26
806,Customer_806,Chennai,2022-06-06
807,Customer_807,Hyderabad,2023-03-22
808,Customer_808,Hyderabad,2022-06-30
809,Customer_809,Pune,2023-06-19
810,Customer_810,Delhi,2023-10-29
811,Customer_811,Bangalore,2022-10-04
812,Customer_812,Ahmedabad,2023-09-23
813,Customer_813,Hyderabad,2023-07-06
814,Customer_814,Hyderabad,2023-05-11
815,Customer_815,Ahmedabad,2023-04-22
816,Customer_816,Mumbai,2023-03-23
817,Customer_817,Bangalore,2023-08-30
818,Customer_818,Hyderabad,2022-10-02
819,Customer_819,Pune,2022-11-27
820,Customer_820,Hyderabad,2022-09-09
821,Customer_821,Kolkata,2022-03-30
822,Customer_822,Chennai,2022-10-13
823,Customer_823,Mumbai,2023-04-07
824,Customer_824,Delhi,2022-09-07
825,Customer_825,Bangalore,2023-04-21
826,Customer_826,Ahmedabad,2023-08-07
827,Customer_827,Pune,2023-09-17
828,Customer_828,Mumbai,2023-11-16
829,Customer_829,Kolkata,2023-01-24
830,Customer_830,Kolkata,2022-12-11
831,Customer_831,Ahmedabad,2022-01-30
832,Customer_832,Chennai,2023-05-22
833,Customer_833,Kolkata,2022-11-29
834,Customer_834,Ahmedabad,2022-07-06
835,Customer_835,Chennai,2023-05-15
836,Customer_836,Mumbai,2022-08-06
837,Customer_837,Bangalore,2022-12-30
838,Customer_838,Mumbai,2022-09-22
839,Customer_839,Ahmedabad,2022-12-15
840,Customer_840,Bangalore,2022-10-14
841,Customer_841,Ahmedabad,2023-09-03
842,Customer_842,Mumbai,2023-12-20
843,Customer_843,Hyderabad,2022-10-10
844,Customer_844,Hyderabad,2023-07-24
845,Customer_845,Mumbai,2022-01-11
846,Customer_846,Kolkata,2023-06-14
847,Customer_847,Kolkata,2022-07-15
848,Customer_848,Bangalore,2022-03-29
849,Customer_849,Bangalore,2022-09-05
850,Customer_850,Hyderabad,2023-02-21
851,Customer_851,Chennai,2023-05-16
852,Customer_852,Mumbai,2023-07-23
853,Customer_853,Chennai,2022-09-04
854,Customer_854,Bangalore,2023-12-09
855,Customer_855,Chennai,2023-05-03
856,Customer_856,Ahmedabad,2023-10-24
857,Customer_857,Delhi,2023-12-30
858,Customer_858,Hyderabad,2023-05-18
859,Customer_859,Hyderabad,2023-04-04
860,Customer_860,Ahmedabad,2022-01-18
861,Customer_861,Bangalore,2022-04-06
862,Customer_862,Mumbai,2022-10-29
863,Customer_863,Mumbai,2022-08-15
864,Customer_864,Kolkata,2023-02-19
865,Customer_865,Pune,2023-12-10
866,Customer_866,Ahmedabad,2022-09-07
867,Customer_867,Pune,2022-11-10
868,Customer_868,Pune,2023-11-11
869,Customer_869,Mumbai,2023-08-19
870,Customer_870,Bangalore,2023-01-13
871,Customer_871,Hyderabad,2023-04-30
872,Customer_872,Mumbai,2023-07-21
873,Customer_873,Ahmedabad,2023-06-28
874,Customer_874,Ahmedabad,2022-12-19
875,Customer_875,Hyderabad,2023-03-12
876,Customer_876,Bangalore,2023-07-18
877,Customer_877,Bangalore,2022-12-05
878,Customer_878,Bangalore,2022-12-27
879,Customer_879,Pune,2023-12-21
880,Customer_880,Delhi,2023-04-10
881,Customer_881,Mumbai,2022-10-05
882,Customer_882,Bangalore,2022-11-10
883,Customer_883,Kolkata,2022-09-15
884,Customer_884,Bangalore,2022-08-25
885,Customer_885,Bangalore,2022-05-04
886,Customer_886,Hyderabad,2022-07-17
887,Customer_887,Chennai,2022-11-20
888,Customer_888,Hyderabad,2022-05-03
889,Customer_889,Kolkata,2023-07-03
890,Customer_890,Mumbai,2023-12-08
891,Customer_891,Kolkata,2022-07-09
892,Customer_892,Chennai,2022-07-16
893,Customer_893,Kolkata,2022-08-10
894,Customer_894,Bangalore,2023-05-11
895,Customer_895,Kolkata,2022-10-11
896,Customer_896,Mumbai,2023-08-27
897,Customer_897,Bangalore,2023-06-22
898,Customer_898,Bangalore,2023-09-04
899,Customer_899,Bangalore,2022-10-17
900,Customer_900,Hyderabad,2022-04-13
901,Customer_901,Delhi,2022-07-18
902,Customer_902,Delhi,2022-10-31
903,Customer_903,Mumbai,2022-08-21
904,Customer_904,Delhi,2023-01-05
905,Customer_905,Kolkata,2022-07-03
906,Customer_906,Chennai,2022-11-06
907,Customer_907,Pune,2022-01-15
908,Customer_908,Delhi,2023-12-27
909,Customer_909,Ahmedabad,2023-07-01
910,Customer_910,Kolkata,2022-05-10
911,Customer_911,Kolkata,2022-10-08
912,Customer_912,Ahmedabad,2022-02-16
913,Customer_913,Chennai,2022-02-25
914,Customer_914,Pune,2023-07-21
915,Customer_915,Kolkata,2022-10-27
916,Customer_916,Ahmedabad,2023-12-16
917,Customer_917,Mumbai,2022-05-10
918,Customer_918,Delhi,2023-10-16
919,Customer_919,Bangalore,2023-05-18
920,Customer_920,Ahmedabad,2022-04-16
921,Customer_921,Pune,2022-01-13
922,Customer_922,Ahmedabad,2023-08-11
923,Customer_923,Ahmedabad,2022-10-19
924,Customer_924,Chennai,2023-04-26
925,Customer_925,Hyderabad,2023-05-06
926,Customer_926,Bangalore,2023-03-28
927,Customer_927,Hyderabad,2022-12-15
928,Customer_928,Hyderabad,2022-07-08
929,Customer_929,Hyderabad,2022-02-22
930,Customer_930,Pune,2022-09-16
931,Customer_931,Bangalore,2023-05-05
932,Customer_932,Hyderabad,2022-04-27
933,Customer_933,Mumbai,2022-03-08
934,Customer_934,Hyderabad,2023-02-15
935,Customer_935,Chennai,2023-05-19
936,Customer_936,Ahmedabad,2022-03-17
937,Customer_937,Mumbai,2023-08-14
938,Customer_938,Kolkata,2023-10-07
939,Customer_939,Ahmedabad,2023-12-04
940,Customer_940,Chennai,2022-02-24
941,Customer_941,Bangalore,2022-06-05
942,Customer_942,Mumbai,2022-06-02
943,Customer_943,Delhi,2023-07-31
944,Customer_944,Kolkata,2022-11-08
945,Customer_945,Pune,2022-03-29
946,Customer_946,Pune,2022-09-12
947,Customer_947,Chennai,2022-05-02
948,Customer_948,Bangalore,2023-07-26
949,Customer_949,Hyderabad,2023-03-03
950,Customer_950,Hyderabad,2023-09-13
951,Customer_951,Chennai,2023-09-03
952,Customer_952,Bangalore,2023-09-26
953,Customer_953,Ahmedabad,2022-08-20
954,Customer_954,Ahmedabad,2023-06-20
955,Customer_955,Ahmedabad,2023-01-25
956,Customer_956,Kolkata,2023-04-07
957,Customer_957,Ahmedabad,2023-03-30
958,Customer_958,Delhi,2022-11-01
959,Customer_959,Mumbai,2023-08-26
960,Customer_960,Pune,2023-03-16
961,Customer_961,Ahmedabad,2022-11-09
962,Customer_962,Chennai,2023-08-06
963,Customer_963,Chennai,2023-09-28
964,Customer_964,Hyderabad,2022-03-03
965,Customer_965,Delhi,2023-09-17
966,Customer_966,Delhi,2022-04-12
967,Customer_967,Kolkata,2022-08-01
968,Customer_968,Ahmedabad,2023-10-03
969,Customer_969,Ahmedabad,2022-08-05
970,Customer_970,Kolkata,2022-09-28
971,Customer_971,Delhi,2023-11-08
972,Customer_972,Mumbai,2022-03-25
973,Customer_973,Pune,2022-06-10
974,Customer_974,Bangalore,2022-09-03
975,Customer_975,Kolkata,2022-06-27
976,Customer_976,Hyderabad,2023-07-20
977,Customer_977,Pune,2022-03-18
978,Customer_978,Hyderabad,2022-06-10
979,Customer_979,Delhi,2022-01-03
980,Customer_980,Pune,2023-02-23
981,Customer_981,Delhi,2023-04-07
982,Customer_982,Chennai,2023-12-07
983,Customer_983,Hyderabad,2023-09-01
984,Customer_984,Kolkata,2023-04-27
985,Customer_985,Mumbai,2022-10-26
986,Customer_986,Pune,2022-02-03
987,Customer_987,Ahmedabad,2022-08-26
988,Customer_988,Kolkata,2022-10-23
989,Customer_989,Mumbai,2023-12-25
990,Customer_990,Bangalore,2022-10-17
991,Customer_991,Mumbai,2023-12-21
992,Customer_992,Pune,2023-04-10
993,Customer_993,Hyderabad,2022-03-14
994,Customer_994,Hyderabad,2023-12-05
995,Customer_995,Hyderabad,2022-08-28
996,Customer_996,Bangalore,2022-09-28
997,Customer_997,Chennai,2023-10-03
998,Customer_998,Pune,2023-08-27
999,Customer_999,Delhi,2023-11-09
1000,Customer_1000,Delhi,2022-07-22
